<configuration>

	<property resource="application.properties" />
	<property name="LOG_ROOT" value="${log.file.dir}" />
	<property name="LOG_FILE_NAME" value="${log.file.name}" />
	
    <appender name="CONSOLE" class="ch.qos.logback.core.ConsoleAppender">
        <encoder>
            <pattern>
                %d{yyyy-MM-dd HH:mm:ss.SSS, America/New_York} [%thread] %-5level %logger{36} [%X{requestId}] - %msg%n
            </pattern>
        </encoder>
    </appender>

    <appender name="FILE" class="ch.qos.logback.core.rolling.RollingFileAppender">
		<file>${LOG_ROOT}/${LOG_FILE_NAME}.log</file>
		<rollingPolicy class="ch.qos.logback.core.rolling.SizeAndTimeBasedRollingPolicy">
			<fileNamePattern>${LOG_ROOT}/${LOG_FILE_NAME}-%d{yyyy-MM-dd}.%i.log.gz</fileNamePattern>
			<!-- each archived file's size will be max 10MB -->
			<maxFileSize>10MB</maxFileSize>    
			<!-- 10 days to keep -->
			<maxHistory>10</maxHistory>
			<!-- total size of all archive files, if total size > 10GB, it will delete old archived file -->
			<totalSizeCap>10GB</totalSizeCap>
		</rollingPolicy>
		<encoder>
			<pattern> %d{yyyy-MM-dd HH:mm:ss.SSS, America/New_York} [%thread] %-5level %logger{36} [%X{requestId}] - %msg%n</pattern>
		</encoder>
	</appender>
    <root level="info">
        <appender-ref ref="CONSOLE"/>
        <appender-ref ref="FILE"/>
    </root>
</configuration>